,Original id,Tool id
0,5bf9f7c499e0a6d7,5bf9f7c499e0a6d7
1,e8654bad42318a60,e8654bad42318a60
2,toolshed.g2.bx.psu.edu/repos/bgruening/deeptools/deeptools_bamCorrelate/1.1.0,deeptools_bamCorrelate
3,toolshed.g2.bx.psu.edu/repos/galaxyp/peptideshaker/peptide_shaker/1.16.4,peptide_shaker
4,toolshed.g2.bx.psu.edu/repos/aaronquinlan/bedtools/bedtools_genomecoveragebed_bedgraph/0.1.0,bedtools_genomecoveragebed_bedgraph
5,toolshed.g2.bx.psu.edu/repos/iuc/extract_genomic_dna/Extract genomic DNA 1/3.0.2,Extract genomic DNA 1
6,toolshed.g2.bx.psu.edu/repos/jjohnson/regex_find_replace/regex1/0.1.0,regex1
7,toolshed.g2.bx.psu.edu/repos/iuc/hisat2/hisat2/1.0.0,hisat2
8,toolshed.g2.bx.psu.edu/repos/agordon/datamash_wrapper/Datamash/1.0.5,Datamash
9,toolshed.g2.bx.psu.edu/repos/devteam/picard/picard_CASM/1.136.0,picard_CASM
10,toolshed.g2.bx.psu.edu/repos/devteam/samtools_mpileup/samtools_mpileup/0.0.1,samtools_mpileup
11,toolshed.g2.bx.psu.edu/repos/bgruening/deeptools_plot_fingerprint/deeptools_plot_fingerprint/2.5.1.1.0,deeptools_plot_fingerprint
12,toolshed.g2.bx.psu.edu/repos/bgruening/text_processing/tp_sort_header_tool/1.0.0,tp_sort_header_tool
13,toolshed.g2.bx.psu.edu/repos/iuc/jbrowse/jbrowse/0.4,jbrowse
14,toolshed.g2.bx.psu.edu/repos/devteam/fasta_filter_by_length/fasta_filter_by_length/1.1,fasta_filter_by_length
15,toolshed.g2.bx.psu.edu/repos/iuc/macs2/macs2_callpeak/2.1.0.20140616.0,macs2_callpeak
16,toolshed.g2.bx.psu.edu/repos/iuc/mothur_count_seqs/mothur_count_seqs/1.36.1.0,mothur_count_seqs
17,toolshed.g2.bx.psu.edu/repos/iuc/bwameth/bwameth/0.2.0.3,bwameth
18,toolshed.g2.bx.psu.edu/repos/pavlo-lutsik/rnbeads/rnbeads/0.91,rnbeads
19,toolshed.g2.bx.psu.edu/repos/devteam/sam_bitwise_flag_filter/sam_bw_filter/1.0.0,sam_bw_filter
20,toolshed.g2.bx.psu.edu/repos/lecorguille/xcms_retcor/abims_xcms_retcor/2.1.0,abims_xcms_retcor
21,toolshed.g2.bx.psu.edu/repos/devteam/gffread/gffread/2.2.1.1,gffread
22,toolshed.g2.bx.psu.edu/repos/galaxyp/openms_idmerger/IDMerger/2.2.0,IDMerger
23,toolshed.g2.bx.psu.edu/repos/devteam/vcfcombine/vcfcombine/0.0.4,vcfcombine
24,toolshed.g2.bx.psu.edu/repos/iuc/sra_tools/fastq_dump/2.8.1.3,fastq_dump
25,toolshed.g2.bx.psu.edu/repos/aaronquinlan/bedtools/bedtools_bamtobed/0.1.0,bedtools_bamtobed
26,toolshed.g2.bx.psu.edu/repos/devteam/vcf2tsv/vcf2tsv/0.0.3,vcf2tsv
27,toolshed.g2.bx.psu.edu/repos/galaxyp/unipept/unipept/1.1.0,unipept
28,toolshed.g2.bx.psu.edu/repos/bgruening/deeptools_plot_heatmap/deeptools_plot_heatmap/2.0.1.0,deeptools_plot_heatmap
29,toolshed.g2.bx.psu.edu/repos/devteam/sam2interval/sam2interval/1.0.1,sam2interval
30,toolshed.g2.bx.psu.edu/repos/devteam/intersect/gops_intersect_1/0.0.1,gops_intersect_1
31,toolshed.g2.bx.psu.edu/repos/galaxyp/msgfplus/msgfplus/0.2,msgfplus
32,toolshed.g2.bx.psu.edu/repos/devteam/samtools_rmdup/samtools_rmdup/2.0.1,samtools_rmdup
33,eukaryotic_ncbi_submission,eukaryotic_ncbi_submission
34,toolshed.g2.bx.psu.edu/repos/devteam/sam_to_bam/sam_to_bam/1.1.4,sam_to_bam
35,toolshed.g2.bx.psu.edu/repos/anton/vcffilter/vcffilter/0.0.1,vcffilter
36,openms_id_file_converter,openms_id_file_converter
37,toolshed.g2.bx.psu.edu/repos/devteam/fastx_trimmer/cshl_fastx_trimmer/1.0.0,cshl_fastx_trimmer
38,toolshed.g2.bx.psu.edu/repos/rnateam/graphclust_prepocessing_for_mlocarna/preMloc/0.1.0,preMloc
39,toolshed.g2.bx.psu.edu/repos/melpetera/batchcorrection/Batch_correction/2.0.8,Batch_correction
40,toolshed.g2.bx.psu.edu/repos/iuc/bcftools/bcftools_view/0.1.19.0,bcftools_view
41,toolshed.g2.bx.psu.edu/repos/xuebing/bed_to_bigwig/bed_to_bigwig/1.0.0,bed_to_bigwig
42,smooth_running_window,smooth_running_window
43,bd1e49ec8b82f560,bd1e49ec8b82f560
44,toolshed.g2.bx.psu.edu/repos/iuc/snpsift/snpSift_annotate/4.3.0,snpSift_annotate
45,toolshed.g2.bx.psu.edu/repos/ethevenot/heatmap/Heatmap/2.2.2,Heatmap
46,wiggle2simple1,wiggle2simple1
47,d1c1fa23cbae286f,d1c1fa23cbae286f
48,toolshed.g2.bx.psu.edu/repos/devteam/picard/picard_CollectInsertSizeMetrics/1.136.0,picard_CollectInsertSizeMetrics
49,toolshed.g2.bx.psu.edu/repos/devteam/varscan_version_2/varscan/0.1,varscan
50,toolshed.g2.bx.psu.edu/repos/bgruening/hicexplorer_hicplotmatrix/hicexplorer_hicplotmatrix/1.8.1.1,hicexplorer_hicplotmatrix
51,bams2ratio,bams2ratio
52,toolshed.g2.bx.psu.edu/repos/galaxyp/openms_fileconverter/FileConverter/2.2.0,FileConverter
53,toolshed.g2.bx.psu.edu/repos/galaxyp/openms_textexporter/TextExporter/2.2.0,TextExporter
54,rm_spurious_events.py,rm_spurious_events.py
55,toolshed.g2.bx.psu.edu/repos/bgruening/openbabel/ctb_change_title/0.0.1,ctb_change_title
56,toolshed.g2.bx.psu.edu/repos/iuc/stacks_procrad/stacks_procrad/1.46.0,stacks_procrad
57,toolshed.g2.bx.psu.edu/repos/devteam/xy_plot/XY_Plot_1/1.0.2,XY_Plot_1
58,Show tail1,Show tail1
59,toolshed.g2.bx.psu.edu/repos/devteam/subtract/gops_subtract_1/1.0.0,gops_subtract_1
60,toolshed.g2.bx.psu.edu/repos/galaxyp/openms_mapalignerposeclustering/MapAlignerPoseClustering/2.2.0,MapAlignerPoseClustering
61,toolshed.g2.bx.psu.edu/repos/iuc/mothur_pcoa/mothur_pcoa/1.36.1.0,mothur_pcoa
62,toolshed.g2.bx.psu.edu/repos/iuc/stringtie/stringtie/1.1.0,stringtie
63,toolshed.g2.bx.psu.edu/repos/devteam/picard/PicardASMetrics/1.56.0,PicardASMetrics
64,toolshed.g2.bx.psu.edu/repos/bgruening/openbabel/openbabel_remIons/1.0,openbabel_remIons
65,toolshed.g2.bx.psu.edu/repos/bgruening/deeptools_bam_compare/deeptools_bam_compare/2.5.1.1.0,deeptools_bam_compare
66,toolshed.g2.bx.psu.edu/repos/rnateam/viennarna_rnafold/viennarna_rnafold/2.2.10.2,viennarna_rnafold
67,toolshed.g2.bx.psu.edu/repos/devteam/picard/picard_FilterSamReads/2.7.1.0,picard_FilterSamReads
68,gbk_to_orf,gbk_to_orf
69,CONVERTER_interval_to_bedstrict_0,CONVERTER_interval_to_bedstrict_0
70,bgchem_fragment_merger,bgchem_fragment_merger
71,toolshed.g2.bx.psu.edu/repos/galaxyp/idpqonvert/idpqonvertEmbedder/3.0.11579.0,idpqonvertEmbedder
72,toolshed.g2.bx.psu.edu/repos/bgruening/text_processing/tp_head_tool/1.0.0,tp_head_tool
73,bismark_bowtie,bismark_bowtie
74,toolshed.g2.bx.psu.edu/repos/devteam/sam_merge/sam_merge2/1.1.2,sam_merge2
75,toolshed.g2.bx.psu.edu/repos/iuc/qiime_align_seqs/qiime_align_seqs/1.9.1.0,qiime_align_seqs
76,CONVERTER_bedgraph_to_bigwig,CONVERTER_bedgraph_to_bigwig
77,toolshed.g2.bx.psu.edu/repos/lionelguy/spades/spades/1.0,spades
78,toolshed.g2.bx.psu.edu/repos/iuc/mothur_classify_seqs/mothur_classify_seqs/1.36.1.0,mothur_classify_seqs
79,toolshed.g2.bx.psu.edu/repos/devteam/hisat/hisat/1.0.1,hisat
80,toolshed.g2.bx.psu.edu/repos/iuc/bedtools/bedtools_multiintersectbed/2.19.0,bedtools_multiintersectbed
81,toolshed.g2.bx.psu.edu/repos/bgruening/text_processing/tp_replace_in_line/1.0.0,tp_replace_in_line
82,toolshed.g2.bx.psu.edu/repos/galaxyp/openms_masscalculator/MassCalculator/2.2.0,MassCalculator
83,toolshed.g2.bx.psu.edu/repos/bgruening/hicexplorer_hicfindtads/hicexplorer_hicfindtads/1.7.2.0,hicexplorer_hicfindtads
84,toolshed.g2.bx.psu.edu/repos/iuc/gatk2/gatk2_variant_annotator/0.0.7,gatk2_variant_annotator
85,toolshed.g2.bx.psu.edu/repos/devteam/picard/PicardInsertSize/1.56.0,PicardInsertSize
86,toolshed.g2.bx.psu.edu/repos/bgruening/text_processing/tp_cut_tool/1.1.0,tp_cut_tool
87,toolshed.g2.bx.psu.edu/repos/devteam/bwa/bwa_mem/0.7.17.1,bwa_mem
88,toolshed.g2.bx.psu.edu/repos/devteam/emboss_5/EMBOSS: geecee41/5.0.0,EMBOSS: geecee41
89,toolshed.g2.bx.psu.edu/repos/bgruening/deeptools_compute_matrix/deeptools_compute_matrix/2.1.0.0,deeptools_compute_matrix
90,toolshed.g2.bx.psu.edu/repos/nilesh/rseqc/rseqc_infer_experiment/2.6.4,rseqc_infer_experiment
91,toolshed.g2.bx.psu.edu/repos/devteam/fastq_paired_end_splitter/fastq_paired_end_splitter/1.0.0,fastq_paired_end_splitter
92,secretbt2test,secretbt2test
93,toolshed.g2.bx.psu.edu/repos/bgruening/text_processing/tp_unfold_column_tool/1.0.0,tp_unfold_column_tool
94,toolshed.g2.bx.psu.edu/repos/peterjc/seq_filter_by_mapping/seq_filter_by_mapping/0.0.4,seq_filter_by_mapping
95,toolshed.g2.bx.psu.edu/repos/iuc/fraggenescan/fraggenescan/1.30.0,fraggenescan
96,toolshed.g2.bx.psu.edu/repos/devteam/cufflinks/cufflinks/0.0.7,cufflinks
97,toolshed.g2.bx.psu.edu/repos/rnateam/graphclust_nspdk/NSPDK_candidateClust/9.2.2,NSPDK_candidateClust
98,toolshed.g2.bx.psu.edu/repos/lecorguille/xcms_summary/abims_xcms_summary/1.0.2,abims_xcms_summary
99,deseq2_single,deseq2_single
100,toolshed.g2.bx.psu.edu/repos/iuc/bedtools/bedtools_sortbed/2.24.0,bedtools_sortbed
101,toolshed.g2.bx.psu.edu/repos/peterjc/blastxml_to_top_descr/blastxml_to_top_descr/0.1.1,blastxml_to_top_descr
102,toolshed.g2.bx.psu.edu/repos/iuc/mothur_amova/mothur_amova/1.36.1.0,mothur_amova
103,toolshed.g2.bx.psu.edu/repos/iuc/limma_voom/limma_voom/1.2.0,limma_voom
104,toolshed.g2.bx.psu.edu/repos/iuc/mothur_align_seqs/mothur_align_seqs/1.36.1.0,mothur_align_seqs
105,toolshed.g2.bx.psu.edu/repos/iuc/bedtools/bedtools_map/2.26.0.0,bedtools_map
106,toolshed.g2.bx.psu.edu/repos/devteam/ncbi_blast_plus/ncbi_blastx_wrapper/0.0.19,ncbi_blastx_wrapper
107,toolshed.g2.bx.psu.edu/repos/devteam/samtools_stats/samtools_stats/2.0.1,samtools_stats
108,toolshed.g2.bx.psu.edu/repos/devteam/snpfreq/hgv_snpFreq/1.0.1,hgv_snpFreq
109,toolshed.g2.bx.psu.edu/repos/alenail/pieplot_macs/pieplots_macs/0.1,pieplots_macs
110,toolshed.g2.bx.psu.edu/repos/bgruening/deeptools_compute_gc_bias/deeptools_compute_gc_bias/2.1.0.0,deeptools_compute_gc_bias
111,toolshed.g2.bx.psu.edu/repos/iuc/mothur_rarefaction_single/mothur_rarefaction_single/1.36.1.0,mothur_rarefaction_single
112,toolshed.g2.bx.psu.edu/repos/bgruening/deeptools_bam_coverage/deeptools_bam_coverage/2.5.0.0,deeptools_bam_coverage
113,toolshed.g2.bx.psu.edu/repos/nilesh/rseqc/rseqc_inner_distance/2.4galaxy1,rseqc_inner_distance
114,toolshed.g2.bx.psu.edu/repos/iuc/bedtools/bedtools_unionbedgraph/2.22.0,bedtools_unionbedgraph
115,toolshed.g2.bx.psu.edu/repos/iuc/snpeff/snpEff/4.3r.1,snpEff
116,toolshed.g2.bx.psu.edu/repos/devteam/fastq_to_fasta/cshl_fastq_to_fasta/1.0.0,cshl_fastq_to_fasta
117,toolshed.g2.bx.psu.edu/repos/bgruening/text_processing/tp_tail_tool/1.1.0,tp_tail_tool
118,toolshed.g2.bx.psu.edu/repos/jjohnson/find_in_reference/find_in_reference/0.0.1,find_in_reference
119,toolshed.g2.bx.psu.edu/repos/iuc/gemini/gemini_query/0.10.0.0,gemini_query
120,toolshed.g2.bx.psu.edu/repos/bgruening/hicexplorer_hicsummatrices/hicexplorer_hicsummatrices/1.8.1.0,hicexplorer_hicsummatrices
121,toolshed.g2.bx.psu.edu/repos/galaxyp/myrimatch/myrimatch/3.0.11579.0,myrimatch
122,toolshed.g2.bx.psu.edu/repos/bjoern-gruening/trim_galore/trim_galore/0.2.4.1,trim_galore
123,toolshed.g2.bx.psu.edu/repos/iuc/quast/quast/4.5,quast
124,toolshed.g2.bx.psu.edu/repos/bgruening/trna_prediction/trnascan/0.3,trnascan
125,scaffold2fasta,scaffold2fasta
126,toolshed.g2.bx.psu.edu/repos/bgruening/interproscan5/interproscan/5.0.0,interproscan
127,rnalfoldz,rnalfoldz
128,toolshed.g2.bx.psu.edu/repos/iuc/snpsift/snpSift_filter/4.3.0,snpSift_filter
129,toolshed.g2.bx.psu.edu/repos/devteam/cluster/gops_cluster_1/1.0.0,gops_cluster_1
130,toolshed.g2.bx.psu.edu/repos/bgruening/simsearch/ctb_simsearch/0.1.1,ctb_simsearch
131,toolshed.g2.bx.psu.edu/repos/galaxyp/fasta_merge_files_and_filter_unique_sequences/fasta_merge_files_and_filter_unique_sequences/1.2.0,fasta_merge_files_and_filter_unique_sequences
132,toolshed.g2.bx.psu.edu/repos/galaxyp/msconvert/msconvert2_raw/0.2.1,msconvert2_raw
133,toolshed.g2.bx.psu.edu/repos/lecorguille/xcms_fillpeaks/abims_xcms_fillPeaks/2.0.8,abims_xcms_fillPeaks
134,toolshed.g2.bx.psu.edu/repos/iuc/qiime_validate_mapping_file/qiime_validate_mapping_file/1.9.1.0,qiime_validate_mapping_file
135,toolshed.g2.bx.psu.edu/repos/iuc/qiime_pick_otus/qiime_pick_otus/1.9.1.0,qiime_pick_otus
136,toolshed.g2.bx.psu.edu/repos/iuc/gatk2/gatk2_variant_select/0.0.7,gatk2_variant_select
137,toolshed.g2.bx.psu.edu/repos/galaxyp/openms_filefilter/FileFilter/2.1.0,FileFilter
138,bg_protein_properties,bg_protein_properties
139,toolshed.g2.bx.psu.edu/repos/devteam/scatterplot/scatterplot_rpy/1.0.3,scatterplot_rpy
140,toolshed.g2.bx.psu.edu/repos/iuc/gemini/gemini_stats/0.10.0.0,gemini_stats
141,testtoolshed.g2.bx.psu.edu/repos/rnateam/bctools/flexbar_split_RYYR_bcs/2.5,flexbar_split_RYYR_bcs
142,toolshed.g2.bx.psu.edu/repos/iuc/snpeff/snpEff_download/4.3k.0,snpEff_download
143,gene2exon1,gene2exon1
144,CONVERTER_bed_gff_or_vcf_to_bigwig_0,CONVERTER_bed_gff_or_vcf_to_bigwig_0
145,toolshed.g2.bx.psu.edu/repos/devteam/ncbi_blast_plus/blastxml_to_tabular/0.1.01,blastxml_to_tabular
146,toolshed.g2.bx.psu.edu/repos/devteam/emboss_5/EMBOSS: fuzzpro38/5.0.0,EMBOSS: fuzzpro38
147,toolshed.g2.bx.psu.edu/repos/devteam/cuffnorm/cuffnorm/2.2.1.1,cuffnorm
148,toolshed.g2.bx.psu.edu/repos/jjohnson/rsem/rsem_calculate_expression/1.1.17,rsem_calculate_expression
149,toolshed.g2.bx.psu.edu/repos/bgruening/diamond/bg_diamond/0.1.6.0,bg_diamond
150,toolshed.g2.bx.psu.edu/repos/galaxyp/openms_featurelinkerunlabeledkd/FeatureLinkerUnlabeledKD/2.2.0,FeatureLinkerUnlabeledKD
151,toolshed.g2.bx.psu.edu/repos/iuc/edger/edger/3.16.5,edger
152,toolshed.g2.bx.psu.edu/repos/bgruening/text_processing/tp_awk_tool/1.0.0,tp_awk_tool
153,toolshed.g2.bx.psu.edu/repos/galaxyp/openms_msgfplusadapter/MSGFPlusAdapter/2.1.0,MSGFPlusAdapter
154,toolshed.g2.bx.psu.edu/repos/iuc/gemini/gemini_comp_hets/0.10.0.0,gemini_comp_hets
155,toolshed.g2.bx.psu.edu/repos/iuc/bedtools/bedtools_mergebed/2.26.0.0,bedtools_mergebed
156,toolshed.g2.bx.psu.edu/repos/devteam/picard/picard_NormalizeFasta/1.126.0,picard_NormalizeFasta
157,toolshed.g2.bx.psu.edu/repos/bgruening/uniprot_rest_interface/uniprot/0.1,uniprot
158,toolshed.g2.bx.psu.edu/repos/bgruening/deeptools/deeptools_bamCompare/1.1.0,deeptools_bamCompare
159,toolshed.g2.bx.psu.edu/repos/galaxyp/openms_fidoadapter/FidoAdapter/2.2.0,FidoAdapter
160,toolshed.g2.bx.psu.edu/repos/bgruening/hicexplorer_hiccorrectmatrix/hicexplorer_hiccorrectmatrix/2.0.0,hicexplorer_hiccorrectmatrix
161,toolshed.g2.bx.psu.edu/repos/devteam/vcfvcfintersect/vcfvcfintersect/0.0.3,vcfvcfintersect
162,toolshed.g2.bx.psu.edu/repos/galaxyp/peptideshaker/search_gui/3.2.13,search_gui
163,Paste1,Paste1
164,toolshed.g2.bx.psu.edu/repos/rnateam/vienna_rna/rnafold/2.1.6.0,rnafold
165,toolshed.g2.bx.psu.edu/repos/galaxyp/msi_preprocessing/mass_spectrometry_imaging_preprocessing/1.7.0,mass_spectrometry_imaging_preprocessing
166,toolshed.g2.bx.psu.edu/repos/iuc/deseq2/deseq2/2.11.39,deseq2
167,toolshed.g2.bx.psu.edu/repos/iuc/mothur_get_communitytype/mothur_get_communitytype/1.36.1.0,mothur_get_communitytype
168,sklearn_numeric_clustering,sklearn_numeric_clustering
169,cshl_multijoin,cshl_multijoin
170,toolshed.g2.bx.psu.edu/repos/rnateam/graphclust_fasta_to_gspan/gspan/0.3,gspan
171,toolshed.g2.bx.psu.edu/repos/bgruening/glimmer3/glimmer_build-icm/0.2,glimmer_build-icm
172,p_clip_peaks,p_clip_peaks
173,toolshed.g2.bx.psu.edu/repos/galaxyp/custom_pro_db/custom_pro_db/1.16.1.0,custom_pro_db
174,Grep1,Grep1
175,toolshed.g2.bx.psu.edu/repos/devteam/picard/picard_SamToFastq/2.7.1.0,picard_SamToFastq
176,toolshed.g2.bx.psu.edu/repos/devteam/ncbi_blast_plus/ncbi_blastdbcmd_wrapper/0.1.07,ncbi_blastdbcmd_wrapper
177,toolshed.g2.bx.psu.edu/repos/tyty/structurefold/predict_pipeline/1.0,predict_pipeline
178,toolshed.g2.bx.psu.edu/repos/rnateam/viennarna_rnaalifold/viennarna_rnaalifold/2.2.10.0,viennarna_rnaalifold
179,toolshed.g2.bx.psu.edu/repos/iuc/hmmer3/hmmer_hmmsearch/0.1.0,hmmer_hmmsearch
180,coords2clnt.py,coords2clnt.py
181,toolshed.g2.bx.psu.edu/repos/devteam/samtool_filter2/samtool_filter2/1.1.1,samtool_filter2
182,toolshed.g2.bx.psu.edu/repos/devteam/emboss_5/EMBOSS: wordcount109/5.0.0,EMBOSS: wordcount109
183,toolshed.g2.bx.psu.edu/repos/devteam/ncbi_blast_plus/ncbi_blastn_wrapper/0.2.00,ncbi_blastn_wrapper
184,term_id_vs_term_name,term_id_vs_term_name
185,toolshed.g2.bx.psu.edu/repos/iuc/ngsutils_bam_filter/ngsutils_bam_filter/0.5.8.1,ngsutils_bam_filter
186,toolshed.g2.bx.psu.edu/repos/iuc/rgrnastar/rna_star/2.4.0d-2,rna_star
187,cshl_cut_tool,cshl_cut_tool
188,toolshed.g2.bx.psu.edu/repos/anton/bamtools/bamFilter/0.0.1,bamFilter
189,3401138a6a618dc0,3401138a6a618dc0
190,toolshed.g2.bx.psu.edu/repos/galaxyp/openms_featurefindermultiplex/FeatureFinderMultiplex/2.2.0,FeatureFinderMultiplex
191,toolshed.g2.bx.psu.edu/repos/iuc/macs2/macs2_bdgcmp/2.1.0.20140616.0,macs2_bdgcmp
192,toolshed.g2.bx.psu.edu/repos/devteam/cuffmerge/cuffmerge/0.0.6,cuffmerge
193,cshl_awk_tool1,cshl_awk_tool1
194,toolshed.g2.bx.psu.edu/repos/iuc/qiime_core_diversity/qiime_core_diversity/1.9.1.0,qiime_core_diversity
195,ae0e8c84297e2859,ae0e8c84297e2859
196,toolshed.g2.bx.psu.edu/repos/rnateam/segemehl/segemehl/0.2.0.3,segemehl
197,toolshed.g2.bx.psu.edu/repos/bgruening/sailfish/sailfish/0.7.6.0,sailfish
198,toolshed.g2.bx.psu.edu/repos/devteam/freebayes/freebayes/0.4.1,freebayes
199,toolshed.g2.bx.psu.edu/repos/bgruening/openbabel/ctb_remIons/1.0,ctb_remIons
200,toolshed.g2.bx.psu.edu/repos/devteam/tabular_to_fasta/tab2fasta/1.1.0,tab2fasta
201,toolshed.g2.bx.psu.edu/repos/lparsons/fastq_join/fastq_join/1.1.2-484,fastq_join
202,toolshed.g2.bx.psu.edu/repos/dcorreia/newick_display/nwdisplay/1,nwdisplay
203,toolshed.g2.bx.psu.edu/repos/iuc/bedtools/bedtools_bedtobam/2.22.0,bedtools_bedtobam
204,ctb_compound_convert,ctb_compound_convert
205,toolshed.g2.bx.psu.edu/repos/devteam/dna_filtering/histogram_rpy/1.0.3,histogram_rpy
206,toolshed.g2.bx.psu.edu/repos/galaxyp/openms_idconflictresolver/IDConflictResolver/2.2.0,IDConflictResolver
207,toolshed.g2.bx.psu.edu/repos/devteam/cuffcompare/cuffcompare/0.0.6,cuffcompare
208,toolshed.g2.bx.psu.edu/repos/bgruening/text_processing/tp_tac/1.0.0,tp_tac
209,toolshed.g2.bx.psu.edu/repos/bgruening/text_processing/tp_replace_in_column/1.0.0,tp_replace_in_column
210,toolshed.g2.bx.psu.edu/repos/agordon/datamash_wrapper/DatamashTranspose/1.0.6,DatamashTranspose
211,toolshed.g2.bx.psu.edu/repos/devteam/ncbi_blast_plus/ncbi_rpsblast_wrapper/0.2.01,ncbi_rpsblast_wrapper
212,toolshed.g2.bx.psu.edu/repos/iuc/bedtools/bedtools_genomecoveragebed_histogram/2.19.0,bedtools_genomecoveragebed_histogram
213,toolshed.g2.bx.psu.edu/repos/rnateam/sortmerna/bg_sortmerna/2.0.0,bg_sortmerna
214,toolshed.g2.bx.psu.edu/repos/iuc/column_remove_by_header/column_remove_by_header/0.0.1,column_remove_by_header
215,toolshed.g2.bx.psu.edu/repos/galaxyp/openms_xtandemadapter/XTandemAdapter/2.2.0.1,XTandemAdapter
216,toolshed.g2.bx.psu.edu/repos/bgruening/deeptools/deeptools_correctGCBias/1.1.0,deeptools_correctGCBias
217,toolshed.g2.bx.psu.edu/repos/alenail/map_to_known_genes/chipsequtil_maptoknowngenes/0.1,chipsequtil_maptoknowngenes
218,toolshed.g2.bx.psu.edu/repos/devteam/add_value/addValue/1.0.0,addValue
219,toolshed.g2.bx.psu.edu/repos/peterjc/tmhmm_and_signalp/wolf_psort/0.0.8,wolf_psort
220,toolshed.g2.bx.psu.edu/repos/yguitton/metams_rungc/metams_runGC/1.1,metams_runGC
221,toolshed.g2.bx.psu.edu/repos/nml/collapse_collections/collapse_dataset/4.0,collapse_dataset
222,flexbardsc,flexbardsc
223,toolshed.g2.bx.psu.edu/repos/jjohnson/sqlite_to_tabular/sqlite_to_tabular/0.0.1,sqlite_to_tabular
224,toolshed.g2.bx.psu.edu/repos/nilesh/rseqc/rseqc_bam_stat/2.4,rseqc_bam_stat
225,toolshed.g2.bx.psu.edu/repos/galaxyp/idpassemble/idpassemble/3.0.11579.0,idpassemble
226,toolshed.g2.bx.psu.edu/repos/iuc/stacks_denovomap/stacks_denovomap/1.46.0,stacks_denovomap
227,toolshed.g2.bx.psu.edu/repos/bgruening/column_arrange_by_header/bg_column_arrange_by_header/0.1,bg_column_arrange_by_header
228,testtoolshed.g2.bx.psu.edu/repos/rnateam/bctools/convert_bc_to_binary_RY.py/0.1.0,convert_bc_to_binary_RY.py
229,toolshed.g2.bx.psu.edu/repos/devteam/bam_to_sam/bam_to_sam/1.0.4,bam_to_sam
230,toolshed.g2.bx.psu.edu/repos/nilesh/rseqc/rseqc_bam2wig/2.4galaxy1,rseqc_bam2wig
231,Remove_ending,Remove_ending
232,toolshed.g2.bx.psu.edu/repos/jjohnson/rsem/rsem_prepare_reference/1.1.17,rsem_prepare_reference
233,toolshed.g2.bx.psu.edu/repos/rnateam/graphclust_mlocarna/locarna_best_subtree/0.1.0,locarna_best_subtree
234,toolshed.g2.bx.psu.edu/repos/bgruening/deeptools/deeptools_profiler/1.0.5,deeptools_profiler
235,1e7405337c56f7e8,1e7405337c56f7e8
236,toolshed.g2.bx.psu.edu/repos/bgruening/pileometh/pileometh/0.2.1,pileometh
237,toolshed.g2.bx.psu.edu/repos/iuc/hmmer3/hmmer_hmmbuild/0.1.0,hmmer_hmmbuild
238,toolshed.g2.bx.psu.edu/repos/iuc/mothur_dist_shared/mothur_dist_shared/1.36.1.0,mothur_dist_shared
239,toolshed.g2.bx.psu.edu/repos/iuc/mothur_dist_seqs/mothur_dist_seqs/1.36.1.0,mothur_dist_seqs
240,toolshed.g2.bx.psu.edu/repos/bgruening/deeptools_plot_correlation/deeptools_plot_correlation/2.5.1.1.0,deeptools_plot_correlation
241,methtools_dmr,methtools_dmr
242,bamFingerprint,bamFingerprint
243,toolshed.g2.bx.psu.edu/repos/bgruening/glimmer3/glimmer_not-knowlegde-based/0.2,glimmer_not-knowlegde-based
244,toolshed.g2.bx.psu.edu/repos/galaxyp/openms_idfilter/IDFilter/2.2.0,IDFilter
245,toolshed.g2.bx.psu.edu/repos/devteam/ncbi_blast_plus/ncbi_blastp_wrapper/0.0.20,ncbi_blastp_wrapper
246,toolshed.g2.bx.psu.edu/repos/iuc/samtools_sort/samtools_sort/1.0.2,samtools_sort
247,toolshed.g2.bx.psu.edu/repos/bgruening/hicexplorer_hicmergematrixbins/hicexplorer_hicmergematrixbins/1.8.0,hicexplorer_hicmergematrixbins
248,toolshed.g2.bx.psu.edu/repos/nilesh/rseqc/rseqc_RPKM_count/2.4galaxy1,rseqc_RPKM_count
249,toolshed.g2.bx.psu.edu/repos/iuc/bedtools/bedtools_slopbed/2.22.0,bedtools_slopbed
250,toolshed.g2.bx.psu.edu/repos/simon-gladman/fasta_stats/fasta-stats/1.0.0,fasta-stats
251,toolshed.g2.bx.psu.edu/repos/gbcs-embl-heidelberg/je_markdupes/je_markdupes/1.2,je_markdupes
252,cshl_awk_replace_in_column,cshl_awk_replace_in_column
253,toolshed.g2.bx.psu.edu/repos/devteam/picard/picard_CollectRnaSeqMetrics/2.7.1.1,picard_CollectRnaSeqMetrics
254,toolshed.g2.bx.psu.edu/repos/bgruening/deeptools/deeptools_heatmapper/1.5.11.0,deeptools_heatmapper
255,ea5a5bf3381bf48c,ea5a5bf3381bf48c
256,toolshed.g2.bx.psu.edu/repos/devteam/cummerbund/cummeRbund/1.0.0,cummeRbund
257,toolshed.g2.bx.psu.edu/repos/bgruening/deeptools/deeptools_bamFingerprint/1.0.5,deeptools_bamFingerprint
258,toolshed.g2.bx.psu.edu/repos/devteam/fastq_groomer/fastq_groomer/1.1.1,fastq_groomer
259,toolshed.g2.bx.psu.edu/repos/bgruening/join_files_on_column_fuzzy/join_files_on_column_fuzzy/1.0.0,join_files_on_column_fuzzy
260,toolshed.g2.bx.psu.edu/repos/bgruening/text_processing/tp_cat/0.1.0,tp_cat
261,toolshed.g2.bx.psu.edu/repos/devteam/merge_cols/mergeCols1/1.0.1,mergeCols1
262,trimmer,trimmer
263,createInterval,createInterval
264,toolshed.g2.bx.psu.edu/repos/devteam/fastq_quality_filter/cshl_fastq_quality_filter/1.0.0,cshl_fastq_quality_filter
265,toolshed.g2.bx.psu.edu/repos/iuc/metaphlan2krona/metaphlan2krona/2.6.0.0,metaphlan2krona
266,silac_analyzer,silac_analyzer
267,toolshed.g2.bx.psu.edu/repos/devteam/get_flanks/get_flanks1/0.0.1,get_flanks1
268,toolshed.g2.bx.psu.edu/repos/iuc/bedtools/bedtools_intersectbed/2.26.0.0,bedtools_intersectbed
269,bamCoverage_deepTools,bamCoverage_deepTools
270,toolshed.g2.bx.psu.edu/repos/bgruening/openbabel/openbabel_compound_convert/0.1,openbabel_compound_convert
271,testtoolshed.g2.bx.psu.edu/repos/simon-gladman/velvetoptimiser/velvetoptimiser/1.1.0,velvetoptimiser
272,toolshed.g2.bx.psu.edu/repos/bgruening/deeptools/deeptools_computeGCBias/1.5.11.0,deeptools_computeGCBias
273,remove_tail.py/0.1.0,remove_tail.py
274,toolshed.g2.bx.psu.edu/repos/iuc/meme_meme/meme_meme/4.11.2.0,meme_meme
275,aab009a7c324e5e5,aab009a7c324e5e5
276,6d7d354948e8dee1,6d7d354948e8dee1
277,toolshed.g2.bx.psu.edu/repos/iuc/qiime_plot_taxa_summary/qiime_plot_taxa_summary/1.9.1.0,qiime_plot_taxa_summary
278,toolshed.g2.bx.psu.edu/repos/engineson/multiqc/multiqc/1.0.0.0,multiqc
279,testtoolshed.g2.bx.psu.edu/repos/rnateam/bctools/extract_bcs.py/1.0.0,extract_bcs.py
280,toolshed.g2.bx.psu.edu/repos/devteam/ucsc_custom_track/build_ucsc_custom_track_1/1.0.0,build_ucsc_custom_track_1
281,toolshed.g2.bx.psu.edu/repos/bgruening/replace_column_by_key_value_file/replace_column_with_key_value_file/0.1,replace_column_with_key_value_file
282,toolshed.g2.bx.psu.edu/repos/bgruening/text_processing/tp_easyjoin_tool/1.0.0,tp_easyjoin_tool
283,toolshed.g2.bx.psu.edu/repos/bgruening/augustus/augustus/0.3.1,augustus
284,toolshed.g2.bx.psu.edu/repos/devteam/emboss_5/EMBOSS: transeq101/5.0.0,EMBOSS: transeq101
285,cshl_grep_tool,cshl_grep_tool
286,toolshed.g2.bx.psu.edu/repos/galaxyp/openms_falsediscoveryrate/FalseDiscoveryRate/2.2.0,FalseDiscoveryRate
287,bamCompare_deepTools,bamCompare_deepTools
288,toolshed.g2.bx.psu.edu/repos/galaxyp/proteomics_moff/proteomics_moff/1.2,proteomics_moff
289,toolshed.g2.bx.psu.edu/repos/devteam/bwa_wrappers/bwa_wrapper/1.2.3,bwa_wrapper
290,computeGCBias,computeGCBias
291,toolshed.g2.bx.psu.edu/repos/pjbriggs/trimmomatic/trimmomatic/0.32.1,trimmomatic
292,toolshed.g2.bx.psu.edu/repos/devteam/megablast_xml_parser/megablast_xml_parser/1.0.0,megablast_xml_parser
293,toolshed.g2.bx.psu.edu/repos/galaxyp/openms_multiplexresolver/MultiplexResolver/2.2.0,MultiplexResolver
294,toolshed.g2.bx.psu.edu/repos/bgruening/openbabel/openbabel_change_title/0.0.1,openbabel_change_title
295,toolshed.g2.bx.psu.edu/repos/galaxyp/openms_idfileconverter/IDFileConverter/2.2.0,IDFileConverter
296,toolshed.g2.bx.psu.edu/repos/bgruening/text_processing/tp_sort_rows/1.1.0,tp_sort_rows
297,toolshed.g2.bx.psu.edu/repos/iracooke/tpp_prophets/proteomics_search_peptide_prophet_1/1.0.1,proteomics_search_peptide_prophet_1
298,toolshed.g2.bx.psu.edu/repos/devteam/emboss_5/EMBOSS: seqret84/5.0.0,EMBOSS: seqret84
299,toolshed.g2.bx.psu.edu/repos/bgruening/text_processing/tp_find_and_replace/1.1.0,tp_find_and_replace
300,toolshed.g2.bx.psu.edu/repos/iuc/gemini_load/gemini_load/0.18.1.0,gemini_load
301,toolshed.g2.bx.psu.edu/repos/devteam/fastq_to_tabular/fastq_to_tabular/1.1.0,fastq_to_tabular
302,toolshed.g2.bx.psu.edu/repos/bgruening/text_processing/tp_uniq_tool/1.0.0,tp_uniq_tool
303,toolshed.g2.bx.psu.edu/repos/bgruening/bigwig_to_bedgraph/bigwig_to_bedgraph/0.1.0,bigwig_to_bedgraph
304,toolshed.g2.bx.psu.edu/repos/peterjc/seq_composition/seq_composition/0.0.1,seq_composition
305,toolshed.g2.bx.psu.edu/repos/galaxyp/openms_mztabexporter/MzTabExporter/2.2.0,MzTabExporter
306,secure_hash_message_digest,secure_hash_message_digest
307,toolshed.g2.bx.psu.edu/repos/galaxyp/map_peptides_to_bed/map_peptides_to_bed/0.1.0,map_peptides_to_bed
308,toolshed.g2.bx.psu.edu/repos/galaxyp/openms_idmapper/IDMapper/2.2.0,IDMapper
309,CONVERTER_bed_to_bgzip_0,CONVERTER_bed_to_bgzip_0
310,toolshed.g2.bx.psu.edu/repos/iuc/humann2_regroup_table/humann2_regroup_table/0.9.9.0,humann2_regroup_table
311,testtoolshed.g2.bx.psu.edu/repos/moheydarian/ggplot_histogram/ggplot_histogram/0.1.3,ggplot_histogram
312,toolshed.g2.bx.psu.edu/repos/iuc/ucsc_twobittofa/ucsc-twobittofa/332,ucsc-twobittofa
313,toolshed.g2.bx.psu.edu/repos/devteam/t2ps/Draw_phylogram/1.0.0,Draw_phylogram
314,gff2bed1,gff2bed1
315,toolshed.g2.bx.psu.edu/repos/iuc/qiime_assign_taxonomy/qiime_assign_taxonomy/1.9.1.0,qiime_assign_taxonomy
316,toolshed.g2.bx.psu.edu/repos/peterjc/tmhmm_and_signalp/signalp3/0.0.12,signalp3
317,toolshed.g2.bx.psu.edu/repos/iuc/gatk2/gatk2_realigner_target_creator/0.0.7,gatk2_realigner_target_creator
318,toolshed.g2.bx.psu.edu/repos/devteam/samtools_flagstat/samtools_flagstat/1.0.0,samtools_flagstat
319,toolshed.g2.bx.psu.edu/repos/devteam/vcfallelicprimitives/vcfallelicprimitives/1.0.0_rc1.0,vcfallelicprimitives
320,toolshed.g2.bx.psu.edu/repos/devteam/vcftools_isec/vcftools_isec/0.1,vcftools_isec
321,Convert characters1,Convert characters1
322,toolshed.g2.bx.psu.edu/repos/galaxyp/dbbuilder/dbbuilder/0.2.0,dbbuilder
323,toolshed.g2.bx.psu.edu/repos/galaxyp/openms_peptideindexer/PeptideIndexer/2.2.0,PeptideIndexer
324,toolshed.g2.bx.psu.edu/repos/devteam/picard/picard_ARRG/1.56.0,picard_ARRG
325,rmcontamination,rmcontamination
326,toolshed.g2.bx.psu.edu/repos/iuc/qiime_split_libraries_fastq/qiime_split_libraries_fastq/1.9.1.0,qiime_split_libraries_fastq
327,toolshed.g2.bx.psu.edu/repos/iuc/mothur_count_groups/mothur_count_groups/1.36.1.0,mothur_count_groups
328,toolshed.g2.bx.psu.edu/repos/bgruening/deeptools/deeptools_computeMatrix/1.0.5,deeptools_computeMatrix
329,toolshed.g2.bx.psu.edu/repos/devteam/ncbi_blast_plus/ncbi_tblastx_wrapper/0.0.20,ncbi_tblastx_wrapper
330,toolshed.g2.bx.psu.edu/repos/iuc/mothur_remove_lineage/mothur_remove_lineage/1.36.1.0,mothur_remove_lineage
331,toolshed.g2.bx.psu.edu/repos/bgruening/text_processing/tp_sorted_uniq/1.0.0,tp_sorted_uniq
332,toolshed.g2.bx.psu.edu/repos/bgruening/hicexplorer_hicplottads/hicexplorer_hicplottads/1.7.2.0,hicexplorer_hicplottads
333,methtools_plot,methtools_plot
334,toolshed.g2.bx.psu.edu/repos/bgruening/antismash/antismash/2.0.2.2,antismash
335,cardinal_preprocessing,cardinal_preprocessing
336,toolshed.g2.bx.psu.edu/repos/iuc/bedtools/bedtools_getfastabed/2.24.0,bedtools_getfastabed
337,cshl_sed_tool,cshl_sed_tool
338,toolshed.g2.bx.psu.edu/repos/aaronquinlan/bedtools/bedtools_coveragebed_counts/0.1.0,bedtools_coveragebed_counts
339,toolshed.g2.bx.psu.edu/repos/devteam/cummerbund_to_tabular/cummerbund_to_cuffdiff/1.0.0,cummerbund_to_cuffdiff
340,toolshed.g2.bx.psu.edu/repos/iuc/gatk2/gatk2_haplotype_caller/0.0.7,gatk2_haplotype_caller
341,CONVERTER_fasta_to_tabular,CONVERTER_fasta_to_tabular
342,testtoolshed.g2.bx.psu.edu/repos/moheydarian/cast/cast/0.0.2,cast
343,toolshed.g2.bx.psu.edu/repos/bgruening/hicexplorer_hicbuildmatrix/hicexplorer_hicbuildmatrix/1.8.1.0,hicexplorer_hicbuildmatrix
344,toolshed.g2.bx.psu.edu/repos/iuc/gatk2/gatk2_print_reads/0.0.7,gatk2_print_reads
345,toolshed.g2.bx.psu.edu/repos/iuc/bedtools/bedtools_bamtofastq/2.24.0,bedtools_bamtofastq
346,toolshed.g2.bx.psu.edu/repos/iuc/dexseq/dexseq_count/1.0,dexseq_count
347,toolshed.g2.bx.psu.edu/repos/iuc/featurecounts/featurecounts/1.5.3,featurecounts
348,cshl_easyjoin,cshl_easyjoin
349,proteomics_search_tandem_1,proteomics_search_tandem_1
350,flexbar_no_split,flexbar_no_split
351,toolshed.g2.bx.psu.edu/repos/rnateam/mafft/rbc_mafft/7.221.3,rbc_mafft
352,toolshed.g2.bx.psu.edu/repos/iuc/mothur_classify_rf/mothur_classify_rf/1.36.1.0,mothur_classify_rf
353,toolshed.g2.bx.psu.edu/repos/iuc/bedtools/bedtools_coveragebed/2.22.1,bedtools_coveragebed
354,cardinal_qc,cardinal_qc
355,toolshed.g2.bx.psu.edu/repos/iuc/qiime_pick_closed_reference_otus/qiime_pick_closed_reference_otus/1.9.1.0,qiime_pick_closed_reference_otus
356,toolshed.g2.bx.psu.edu/repos/devteam/picard/picard_MarkDuplicates/2.7.1.0,picard_MarkDuplicates
357,toolshed.g2.bx.psu.edu/repos/galaxyp/filter_by_fasta_ids/filter_by_fasta_ids/1.0,filter_by_fasta_ids
358,2b14aea406bd2c93,2b14aea406bd2c93
359,toolshed.g2.bx.psu.edu/repos/galaxyp/idpquery/idpquery/3.0.11579.0,idpquery
360,toolshed.g2.bx.psu.edu/repos/iuc/umi_tools_extract/umi_tools_extract/0.4.4.0,umi_tools_extract
361,toolshed.g2.bx.psu.edu/repos/devteam/ncbi_blast_plus/ncbi_tblastn_wrapper/0.0.20,ncbi_tblastn_wrapper
362,testtoolshed.g2.bx.psu.edu/repos/rnateam/bctools/flexbar/2.5,flexbar
363,toolshed.g2.bx.psu.edu/repos/galaxyp/msconvert/msconvert3/0.2.1,msconvert3
364,toolshed.g2.bx.psu.edu/repos/bgruening/glimmer3/glimmer_knowlegde-based/0.2,glimmer_knowlegde-based
365,genbank_to_gff,genbank_to_gff
366,toolshed.g2.bx.psu.edu/repos/bgruening/text_processing/tp_sed_tool/1.0.0,tp_sed_tool
367,toolshed.g2.bx.psu.edu/repos/devteam/clustalw/clustalw/0.1,clustalw
368,testtoolshed.g2.bx.psu.edu/repos/moheydarian/melt/melt/0.0.2,melt
369,toolshed.g2.bx.psu.edu/repos/devteam/join/gops_join_1/1.0.0,gops_join_1
370,toolshed.g2.bx.psu.edu/repos/iuc/mothur_remove_seqs/mothur_remove_seqs/1.36.1.0,mothur_remove_seqs
371,toolshed.g2.bx.psu.edu/repos/iuc/mothur_chimera_uchime/mothur_chimera_uchime/1.36.1.0,mothur_chimera_uchime
372,toolshed.g2.bx.psu.edu/repos/iuc/mothur_lefse/mothur_lefse/1.36.1.0,mothur_lefse
373,toolshed.g2.bx.psu.edu/repos/devteam/bowtie_wrappers/bowtie_wrapper/1.1.2,bowtie_wrapper
374,bamCorrelate_deepTools,bamCorrelate_deepTools
375,toolshed.g2.bx.psu.edu/repos/iuc/gemini/gemini_de_novo/0.10.0.0,gemini_de_novo
376,toolshed.g2.bx.psu.edu/repos/bjoern-gruening/sed_wrapper/sed_stream_editor/0.0.1,sed_stream_editor
377,toolshed.g2.bx.psu.edu/repos/galaxyp/openms_digestor/Digestor/2.2.0,Digestor
378,toolshed.g2.bx.psu.edu/repos/rnateam/graphclust_cmfinder/cmFinder/0.1.0,cmFinder
379,toolshed.g2.bx.psu.edu/repos/devteam/vcftools_merge/vcftools_merge/0.1,vcftools_merge
380,comp1,comp1
381,toolshed.g2.bx.psu.edu/repos/bgruening/deeptools_plot_profile/deeptools_plot_profile/2.2.2.0,deeptools_plot_profile
382,blockbuster,blockbuster
383,1492236e73d8a996,1492236e73d8a996
384,toolshed.g2.bx.psu.edu/repos/devteam/tophat2/tophat2/0.7,tophat2
385,toolshed.g2.bx.psu.edu/repos/iuc/collection_column_join/collection_column_join/0.0.2,collection_column_join
386,hgv_linkToGProfile,hgv_linkToGProfile
387,toolshed.g2.bx.psu.edu/repos/iuc/mothur_classify_otu/mothur_classify_otu/1.36.1.0,mothur_classify_otu
388,toolshed.g2.bx.psu.edu/repos/iuc/gatk2/gatk2_base_recalibrator/0.0.7,gatk2_base_recalibrator
389,toolshed.g2.bx.psu.edu/repos/rnateam/rnabob/rbc_rnabob/2.2.1.0,rbc_rnabob
390,toolshed.g2.bx.psu.edu/repos/jjohnson/snpeff_to_peptides/snpeff_to_peptides/0.0.1,snpeff_to_peptides
391,toolshed.g2.bx.psu.edu/repos/blankenberg/naive_variant_caller/naive_variant_caller/0.0.1,naive_variant_caller
392,toolshed.g2.bx.psu.edu/repos/devteam/samtools_idxstats/samtools_idxstats/2.0,samtools_idxstats
393,toolshed.g2.bx.psu.edu/repos/galaxyp/blast_plus_remote_blastp/blast_plus_remote_blastp/1.0,blast_plus_remote_blastp
394,910853f996c9d43d,910853f996c9d43d
395,toolshed.g2.bx.psu.edu/repos/devteam/bowtie2/bowtie2/2.3.2.2,bowtie2
396,toolshed.g2.bx.psu.edu/repos/iuc/qiime_make_phylogeny/qiime_make_phylogeny/1.9.1.0,qiime_make_phylogeny
397,get_child_terms,get_child_terms
398,toolshed.g2.bx.psu.edu/repos/bebatut/combine_metaphlan2_humann2/combine_metaphlan2_humann2/0.1.0,combine_metaphlan2_humann2
399,trap,trap
400,sklear_numeric_clustering,sklear_numeric_clustering
401,toolshed.g2.bx.psu.edu/repos/devteam/fastq_trimmer/fastq_trimmer/1.0.0,fastq_trimmer
402,toolshed.g2.bx.psu.edu/repos/iuc/mothur_homova/mothur_homova/1.36.1.0,mothur_homova
403,toolshed.g2.bx.psu.edu/repos/agordon/datamash_wrapper/DatamashOps/1.0.6,DatamashOps
404,term_id_vs_term_def,term_id_vs_term_def
405,toolshed.g2.bx.psu.edu/repos/devteam/fasta_formatter/cshl_fasta_formatter/1.0.0,cshl_fasta_formatter
406,toolshed.g2.bx.psu.edu/repos/devteam/bamtools/bamtools/2.4.0,bamtools
407,toolshed.g2.bx.psu.edu/repos/iuc/datamash_ops/datamash_ops/datamash_ops/1.0.6,datamash_ops
408,toolshed.g2.bx.psu.edu/repos/rnateam/vienna_rna/rnalfold/2.1.6.0,rnalfold
409,toolshed.g2.bx.psu.edu/repos/galaxyp/msi_spectra_plot/mass_spectrometry_imaging_mzplots/1.7.0,mass_spectrometry_imaging_mzplots
410,toolshed.g2.bx.psu.edu/repos/devteam/fastq_quality_boxplot/cshl_fastq_quality_boxplot/1.0.0,cshl_fastq_quality_boxplot
411,toolshed.g2.bx.psu.edu/repos/devteam/fasta_to_tabular/fasta2tab/1.1.0,fasta2tab
412,hgv_david,hgv_david
413,toolshed.g2.bx.psu.edu/repos/iuc/humann2/humann2/0.9.9.0,humann2
414,toolshed.g2.bx.psu.edu/repos/galaxyp/msconvert/msconvert3_raw/0.2.1,msconvert3_raw
415,toolshed.g2.bx.psu.edu/repos/iuc/bedtools/bedtools_subtractbed/2.19.0,bedtools_subtractbed
416,join1,join1
417,toolshed.g2.bx.psu.edu/repos/galaxyp/openms_maprttransformer/MapRTTransformer/2.2.0,MapRTTransformer
418,toolshed.g2.bx.psu.edu/repos/anton/vcfselectsamples/vcfselectsamples/0.0.2,vcfselectsamples
419,c74cf49c1d919ab5,c74cf49c1d919ab5
420,4e31e35047c8b07f,4e31e35047c8b07f
421,toolshed.g2.bx.psu.edu/repos/iuc/megahit/megahit/1.1.2.2,megahit
422,ngs_simulation,ngs_simulation
423,toolshed.g2.bx.psu.edu/repos/devteam/emboss_5/EMBOSS: newseq59/5.0.0,EMBOSS: newseq59
424,toolshed.g2.bx.psu.edu/repos/rnateam/structure_to_gspan/structure_to_gspan/0.3,structure_to_gspan
425,toolshed.g2.bx.psu.edu/repos/bgruening/deeptools_bigwig_compare/deeptools_bigwig_compare/2.4.1.0,deeptools_bigwig_compare
426,toolshed.g2.bx.psu.edu/repos/iuc/mothur_summary_single/mothur_summary_single/1.36.1.0,mothur_summary_single
427,toolshed.g2.bx.psu.edu/repos/galaxyp/openms_idscoreswitcher/IDScoreSwitcher/2.2.0,IDScoreSwitcher
428,toolshed.g2.bx.psu.edu/repos/iuc/humann2_renorm_table/humann2_renorm_table/0.9.9.0,humann2_renorm_table
429,toolshed.g2.bx.psu.edu/repos/iuc/mothur_corr_axes/mothur_corr_axes/1.36.1.0,mothur_corr_axes
430,toolshed.g2.bx.psu.edu/repos/rnateam/mirdeep2/rbc_mirdeep2/2.0.0,rbc_mirdeep2
431,wc_gnu,wc_gnu
432,openms_protein_quantifier,openms_protein_quantifier
433,toolshed.g2.bx.psu.edu/repos/devteam/fastq_trimmer_by_quality/fastq_quality_trimmer/1.1.1,fastq_quality_trimmer
434,cshl_word_list_grep,cshl_word_list_grep
435,toolshed.g2.bx.psu.edu/repos/iuc/valet/valet/1.0.0,valet
436,toolshed.g2.bx.psu.edu/repos/lecorguille/camera_annotate/abims_CAMERA_annotateDiffreport/2.1.5,abims_CAMERA_annotateDiffreport
437,toolshed.g2.bx.psu.edu/repos/bgruening/openbabel/ctb_ob_genProp/1.0,ctb_ob_genProp
438,toolshed.g2.bx.psu.edu/repos/devteam/cuffdiff/cuffdiff/0.0.7,cuffdiff
439,toolshed.g2.bx.psu.edu/repos/iuc/fastqc/fastqc/0.53,fastqc
440,CONVERTER_interval_to_bgzip_0,CONVERTER_interval_to_bgzip_0
441,toolshed.g2.bx.psu.edu/repos/devteam/lca_wrapper/lca1/1.0.1,lca1
442,toolshed.g2.bx.psu.edu/repos/devteam/picard/picard_BamIndexStats/1.56.0,picard_BamIndexStats
443,CONVERTER_sam_to_bam,CONVERTER_sam_to_bam
444,toolshed.g2.bx.psu.edu/repos/devteam/coverage/gops_coverage_1/0.0.1,gops_coverage_1
445,cshl_find_and_replace,cshl_find_and_replace
446,toolshed.g2.bx.psu.edu/repos/peterjc/sample_seqs/sample_seqs/0.0.1,sample_seqs
447,2b8a6c88fbdf1142,2b8a6c88fbdf1142
448,bismark_bowtie2,bismark_bowtie2
449,gff_to_sequence,gff_to_sequence
450,toolshed.g2.bx.psu.edu/repos/devteam/emboss_5/EMBOSS: getorf42/5.0.0,EMBOSS: getorf42
451,toolshed.g2.bx.psu.edu/repos/devteam/emboss_5/EMBOSS: pepstats71/5.0.0,EMBOSS: pepstats71
452,toolshed.g2.bx.psu.edu/repos/rnateam/mirdeep2_mapper/rbc_mirdeep2_mapper/2.0.0,rbc_mirdeep2_mapper
453,toolshed.g2.bx.psu.edu/repos/melpetera/batchcorrection/Determine_BC/2.0.0,Determine_BC
454,barchart_gnuplot,barchart_gnuplot
455,flexbar_split_RR_bcs,flexbar_split_RR_bcs
456,toolshed.g2.bx.psu.edu/repos/bgruening/deeptools_multi_bam_summary/deeptools_multi_bam_summary/2.4.1.0,deeptools_multi_bam_summary
457,toolshed.g2.bx.psu.edu/repos/devteam/fastx_barcode_splitter/cshl_fastx_barcode_splitter/1.0.0,cshl_fastx_barcode_splitter
458,toolshed.g2.bx.psu.edu/repos/bgruening/deeptools/deeptools_bamCoverage/1.0.5,deeptools_bamCoverage
459,toolshed.g2.bx.psu.edu/repos/iuc/metaphlan2/metaphlan2/2.6.0.0,metaphlan2
460,toolshed.g2.bx.psu.edu/repos/devteam/emboss_5/EMBOSS: needle56/5.0.0,EMBOSS: needle56
461,f6c754f16a57ac02,f6c754f16a57ac02
462,toolshed.g2.bx.psu.edu/repos/iuc/mothur_screen_seqs/mothur_screen_seqs/1.36.1.0,mothur_screen_seqs
463,toolshed.g2.bx.psu.edu/repos/devteam/fastx_collapser/cshl_fastx_collapser/1.0.0,cshl_fastx_collapser
464,toolshed.g2.bx.psu.edu/repos/iuc/gatk2/gatk2_reduce_reads/0.0.7,gatk2_reduce_reads
465,toolshed.g2.bx.psu.edu/repos/iuc/bedtools/bedtools_genomecoveragebed/2.22.0,bedtools_genomecoveragebed
466,toolshed.g2.bx.psu.edu/repos/devteam/emboss_5/EMBOSS: water107/5.0.0,EMBOSS: water107
467,toolshed.g2.bx.psu.edu/repos/devteam/fastx_artifacts_filter/cshl_fastx_artifacts_filter/1.0.0,cshl_fastx_artifacts_filter
468,toolshed.g2.bx.psu.edu/repos/iuc/masigpro/masigpro/1.49.3.1,masigpro
469,toolshed.g2.bx.psu.edu/repos/iuc/stacks_refmap/stacks_refmap/1.46.0,stacks_refmap
470,toolshed.g2.bx.psu.edu/repos/galaxyp/openms_consensusid/ConsensusID/2.2.0,ConsensusID
471,extract_aln_ends.py,extract_aln_ends.py
472,toolshed.g2.bx.psu.edu/repos/devteam/cuffquant/cuffquant/2.2.1.0,cuffquant
473,testtoolshed.g2.bx.psu.edu/repos/moheydarian/ggplot_scatterplot/ggplot_point/0.1.3,ggplot_point
474,cshl_sort_header,cshl_sort_header
475,toolshed.g2.bx.psu.edu/repos/bgruening/split_file_on_column/tp_split_on_column/0.2,tp_split_on_column
476,toolshed.g2.bx.psu.edu/repos/devteam/gi2taxonomy/Fetch Taxonomic Ranks/1.1.0,Fetch Taxonomic Ranks
477,toolshed.g2.bx.psu.edu/repos/crs4/ssake/ssake/0.0.10,ssake
478,toolshed.g2.bx.psu.edu/repos/kellrott/regex_replace/regex_replace/1.0.0,regex_replace
479,toolshed.g2.bx.psu.edu/repos/bgruening/numeric_clustering/numeric_clustering/0.9,numeric_clustering
480,CONVERTER_interval_to_bed_0,CONVERTER_interval_to_bed_0
481,toolshed.g2.bx.psu.edu/repos/bgruening/openbabel/ctb_filter/1.0,ctb_filter
482,toolshed.g2.bx.psu.edu/repos/devteam/fastq_paired_end_joiner/fastq_paired_end_joiner/2.0.1,fastq_paired_end_joiner
483,sort1,sort1
484,toolshed.g2.bx.psu.edu/repos/devteam/fastq_paired_end_interlacer/fastq_paired_end_interlacer/1.2,fastq_paired_end_interlacer
485,toolshed.g2.bx.psu.edu/repos/rnateam/graphclust_preprocessing/preproc/0.1,preproc
486,toolshed.g2.bx.psu.edu/repos/iuc/mothur_venn/mothur_venn/1.36.1.0,mothur_venn
487,toolshed.g2.bx.psu.edu/repos/iuc/meme_fimo/meme_fimo/4.11.0.2,meme_fimo
488,toolshed.g2.bx.psu.edu/repos/iuc/kallisto_pseudo/kallisto_pseudo/0.43.1.0,kallisto_pseudo
489,toolshed.g2.bx.psu.edu/repos/bebatut/group_humann2_uniref_abundances_to_go/group_humann2_uniref_abundances_to_go/1.2.0,group_humann2_uniref_abundances_to_go
490,toolshed.g2.bx.psu.edu/repos/devteam/fastx_nucleotides_distribution/cshl_fastx_nucleotides_distribution/1.0.0,cshl_fastx_nucleotides_distribution
491,toolshed.g2.bx.psu.edu/repos/iuc/mothur_cluster_split/mothur_cluster_split/1.36.1.0,mothur_cluster_split
492,toolshed.g2.bx.psu.edu/repos/iuc/dexseq/dexseq/1.0,dexseq
493,toolshed.g2.bx.psu.edu/repos/devteam/emboss_5/EMBOSS: fuzztran39/5.0.0,EMBOSS: fuzztran39
494,toolshed.g2.bx.psu.edu/repos/galaxyp/decoyfasta/decoyfasta/0.2.0,decoyfasta
495,toolshed.g2.bx.psu.edu/repos/iuc/humann2_genefamilies_genus_level/humann2_genefamilies_genus_level/0.11.1.0,humann2_genefamilies_genus_level
496,toolshed.g2.bx.psu.edu/repos/galaxyp/openms_consensusmapnormalizer/ConsensusMapNormalizer/2.2.0,ConsensusMapNormalizer
497,toolshed.g2.bx.psu.edu/repos/bgruening/text_processing/tp_grep_tool/1.0.0,tp_grep_tool
498,toolshed.g2.bx.psu.edu/repos/galaxyp/openms_proteininference/ProteinInference/2.2.0,ProteinInference
499,methtools_destrand,methtools_destrand
500,toolshed.g2.bx.psu.edu/repos/guerler/charts/charts/1.0.0,charts
501,toolshed.g2.bx.psu.edu/repos/bgruening/text_processing/tp_multijoin_tool/1.0.0,tp_multijoin_tool
502,Cut1,Cut1
503,toolshed.g2.bx.psu.edu/repos/rnateam/graphclust_nspdk/nspdk_sparse/9.2.2,nspdk_sparse
504,toolshed.g2.bx.psu.edu/repos/devteam/weblogo3/rgweblogo3/0.4,rgweblogo3
505,toolshed.g2.bx.psu.edu/repos/devteam/picard/picard_ReorderSam/1.136.0,picard_ReorderSam
506,toolshed.g2.bx.psu.edu/repos/iuc/mothur_get_groups/mothur_get_groups/1.36.1.0,mothur_get_groups
507,toolshed.g2.bx.psu.edu/repos/devteam/express/express/1.1.1,express
508,eden_sequence_converter,eden_sequence_converter
509,CONVERTER_Bam_Bai_0,CONVERTER_Bam_Bai_0
510,edfa92d5059a793b,edfa92d5059a793b
511,toolshed.g2.bx.psu.edu/repos/devteam/emboss_5/EMBOSS: shuffleseq87/5.0.0,EMBOSS: shuffleseq87
512,toolshed.g2.bx.psu.edu/repos/crs4/muscle/muscle/0.0.11,muscle
513,toolshed.g2.bx.psu.edu/repos/iuc/gemini/gemini_recessive_and_dominant/0.10.0.0,gemini_recessive_and_dominant
514,toolshed.g2.bx.psu.edu/repos/gbcs-embl-heidelberg/je_clip/je_clip/1.2,je_clip
515,toolshed.g2.bx.psu.edu/repos/lparsons/cutadapt/cutadapt/1.6,cutadapt
516,Summary_Statistics1,Summary_Statistics1
517,toolshed.g2.bx.psu.edu/repos/bgruening/nucleosome_prediction/Nucleosome/3.0,Nucleosome
518,heatmapper_deepTools,heatmapper_deepTools
519,toolshed.g2.bx.psu.edu/repos/iuc/graphlan/graphlan/1.0.0.0,graphlan
520,toolshed.g2.bx.psu.edu/repos/lecorguille/xcms_xcmsset/abims_xcms_xcmsSet/2.1.0,abims_xcms_xcmsSet
521,toolshed.g2.bx.psu.edu/repos/nick/allele_counts/allele_counts_1/1.1,allele_counts_1
522,toolshed.g2.bx.psu.edu/repos/jjohnson/translate_bed_sequences/translate_bed_sequences/0.0.1,translate_bed_sequences
523,toolshed.g2.bx.psu.edu/repos/ryo-tas/macs14/peakcalling_macs14/1.4.1,peakcalling_macs14
524,toolshed.g2.bx.psu.edu/repos/devteam/picard/picard_MergeSamFiles/1.136.0,picard_MergeSamFiles
525,toolshed.g2.bx.psu.edu/repos/devteam/tophat_fusion_post/tophat_fusion_post/0.1,tophat_fusion_post
526,toolshed.g2.bx.psu.edu/repos/iuc/mothur_filter_seqs/mothur_filter_seqs/1.36.1.0,mothur_filter_seqs
527,toolshed.g2.bx.psu.edu/repos/iuc/mothur_make_contigs/mothur_make_contigs/1.36.1.0,mothur_make_contigs
528,bed_to_bigBed,bed_to_bigBed
529,toolshed.g2.bx.psu.edu/repos/peterjc/tmhmm_and_signalp/Psortb/0.0.5,Psortb
530,toolshed.g2.bx.psu.edu/repos/aaronquinlan/bedtools/bedtools_mergebedgraph/0.1.0,bedtools_mergebedgraph
531,toolshed.g2.bx.psu.edu/repos/peterjc/blast2go/blast2go/0.0.9,blast2go
532,correctGCBias,correctGCBias
533,toolshed.g2.bx.psu.edu/repos/lparsons/htseq_count/htseq_count/0.6.1galaxy1,htseq_count
534,toolshed.g2.bx.psu.edu/repos/fcaramia/edger/htseq-count/1.0.0,htseq-count
535,toolshed.g2.bx.psu.edu/repos/iuc/gatk2/gatk2_variant_apply_recalibration/0.0.7,gatk2_variant_apply_recalibration
536,testtoolshed.g2.bx.psu.edu/repos/moheydarian/heatmap2/heatmap2/0.0.2,heatmap2
537,toolshed.g2.bx.psu.edu/repos/iuc/mothur_unique_seqs/mothur_unique_seqs/1.36.1.0,mothur_unique_seqs
538,Show beginning1,Show beginning1
539,toolshed.g2.bx.psu.edu/repos/devteam/concat/gops_concat_1/1.0.1,gops_concat_1
540,95de44f860101a70,95de44f860101a70
541,r_correlation_matrix,r_correlation_matrix
542,toolshed.g2.bx.psu.edu/repos/iuc/graphlan_annotate/graphlan_annotate/1.0.0.0,graphlan_annotate
543,toolshed.g2.bx.psu.edu/repos/devteam/tophat/tophat/1.5.0,tophat
544,toolshed.g2.bx.psu.edu/repos/galaxyp/openms_decoydatabase/DecoyDatabase/2.2.0,DecoyDatabase
545,toolshed.g2.bx.psu.edu/repos/iuc/gatk2/gatk2_variant_recalibrator/0.0.7,gatk2_variant_recalibrator
546,testtoolshed.g2.bx.psu.edu/repos/greg/gregs_filter/Filter1/3.3.0,Filter1
547,toolshed.g2.bx.psu.edu/repos/galaxyp/mz_to_sqlite/mz_to_sqlite/1.2.0,mz_to_sqlite
548,toolshed.g2.bx.psu.edu/repos/iuc/mothur_parsimony/mothur_parsimony/1.36.1.0,mothur_parsimony
549,dt_profiler,dt_profiler
550,heatmapper,heatmapper
551,toolshed.g2.bx.psu.edu/repos/galaxyp/openms_featurelinkerunlabeledqt/FeatureLinkerUnlabeledQT/2.2.0,FeatureLinkerUnlabeledQT
552,toolshed.g2.bx.psu.edu/repos/iuc/qiime_pick_open_reference_otus/qiime_pick_open_reference_otus/1.9.1.0,qiime_pick_open_reference_otus
553,toolshed.g2.bx.psu.edu/repos/jjohnson/samtools_filter/samtools_filter/1.1.1,samtools_filter
554,toolshed.g2.bx.psu.edu/repos/devteam/picard/picard_FixMateInformation/1.126.0,picard_FixMateInformation
555,toolshed.g2.bx.psu.edu/repos/crs4/taxonomy_krona_chart/taxonomy_krona_chart/2.6.1,taxonomy_krona_chart
556,toolshed.g2.bx.psu.edu/repos/iuc/bedtools/bedtools_clusterbed/2.24.0,bedtools_clusterbed
557,toolshed.g2.bx.psu.edu/repos/devteam/flanking_features/flanking_features_1/4.0.1,flanking_features_1
558,methtools_calling,methtools_calling
559,toolshed.g2.bx.psu.edu/repos/iuc/mothur_heatmap_sim/mothur_heatmap_sim/1.36.1.0,mothur_heatmap_sim
560,toolshed.g2.bx.psu.edu/repos/iuc/umi_tools_dedup/umi_tools_dedup/0.5.3.0,umi_tools_dedup
561,ChangeCase,ChangeCase
562,toolshed.g2.bx.psu.edu/repos/peterjc/seq_filter_by_id/seq_filter_by_id/0.2.7,seq_filter_by_id
563,toolshed.g2.bx.psu.edu/repos/bgruening/infernal/infernal_cmsearch/1.1.2.0,infernal_cmsearch
564,toolshed.g2.bx.psu.edu/repos/devteam/fastx_clipper/cshl_fastx_clipper/1.0.1,cshl_fastx_clipper
565,a74818649981fe6e,a74818649981fe6e
566,__UNZIP_COLLECTION__,__UNZIP_COLLECTION__
567,toolshed.g2.bx.psu.edu/repos/iuc/umi_tools_group/umi_tools_group/0.5.0.0,umi_tools_group
568,toolshed.g2.bx.psu.edu/repos/bgruening/hicexplorer_hicpca/hicexplorer_hicpca/2.0.0,hicexplorer_hicpca
569,openms_id_mapper,openms_id_mapper
570,toolshed.g2.bx.psu.edu/repos/iuc/gemini/gemini_lof_sieve/@version@.0,gemini_lof_sieve
571,toolshed.g2.bx.psu.edu/repos/rnateam/blockclust/blockclust/1.0.0,blockclust
572,toolshed.g2.bx.psu.edu/repos/devteam/fastq_paired_end_deinterlacer/fastq_paired_end_deinterlacer/1.1,fastq_paired_end_deinterlacer
573,wig_to_bigWig,wig_to_bigWig
574,toolshed.g2.bx.psu.edu/repos/iracooke/tpp_prophets/proteomics_search_protein_prophet_1/1.0.1,proteomics_search_protein_prophet_1
575,toolshed.g2.bx.psu.edu/repos/bgruening/deeptools/deeptools_bigwigCompare/1.0.5,deeptools_bigwigCompare
576,toolshed.g2.bx.psu.edu/repos/bgruening/unique/bg_uniq/0.3,bg_uniq
577,Extract_features1,Extract_features1
578,toolshed.g2.bx.psu.edu/repos/rnateam/splitfasta/rbc_splitfasta/0.2.0,rbc_splitfasta
579,toolshed.g2.bx.psu.edu/repos/devteam/emboss_5/EMBOSS: extractseq35/5.0.0,EMBOSS: extractseq35
580,toolshed.g2.bx.psu.edu/repos/devteam/picard/rgPicardMarkDups/1.56.0,rgPicardMarkDups
581,get_subontology_from,get_subontology_from
582,toolshed.g2.bx.psu.edu/repos/ziru-zhou/macs2/modencode_peakcalling_macs2/2.0.10.2,modencode_peakcalling_macs2
583,random_lines1,random_lines1
584,toolshed.g2.bx.psu.edu/repos/bgruening/infernal/infernal_cmbuild/1.1.0.2,infernal_cmbuild
585,toolshed.g2.bx.psu.edu/repos/nilesh/rseqc/rseqc_read_duplication/2.4galaxy1,rseqc_read_duplication
586,toolshed.g2.bx.psu.edu/repos/galaxyp/openms_peakpickerhires/PeakPickerHiRes/2.1.0,PeakPickerHiRes
587,toolshed.g2.bx.psu.edu/repos/devteam/picard/picard_EstimateLibraryComplexity/1.126.0,picard_EstimateLibraryComplexity
588,toolshed.g2.bx.psu.edu/repos/iuc/bedtools/bedtools_annotatebed/2.24.1,bedtools_annotatebed
589,toolshed.g2.bx.psu.edu/repos/devteam/fastx_quality_statistics/cshl_fastx_quality_statistics/1.0.0,cshl_fastx_quality_statistics
590,toolshed.g2.bx.psu.edu/repos/iuc/bctools_extract_alignment_ends/bctools_extract_alignment_ends/0.2.1,bctools_extract_alignment_ends
591,toolshed.g2.bx.psu.edu/repos/devteam/fasta_nucleotide_changer/cshl_fasta_nucleotides_changer/1.0.0,cshl_fasta_nucleotides_changer
592,methtools_filter,methtools_filter
593,toolshed.g2.bx.psu.edu/repos/simon-gladman/velvetoptimiser/velvet/0.1.0,velvet
594,toolshed.g2.bx.psu.edu/repos/iuc/mothur_tree_shared/mothur_tree_shared/1.36.1.0,mothur_tree_shared
595,toolshed.g2.bx.psu.edu/repos/iuc/gemini/gemini_pathways/0.10.0.0,gemini_pathways
596,toolshed.g2.bx.psu.edu/repos/iuc/nonpareil/nonpareil/3.1.1.0,nonpareil
597,toolshed.g2.bx.psu.edu/repos/devteam/fastq_manipulation/fastq_manipulation/1.0.1,fastq_manipulation
598,gtf_filter_by_attribute_values_list,gtf_filter_by_attribute_values_list
599,cshl_awk_tool,cshl_awk_tool
600,toolshed.g2.bx.psu.edu/repos/devteam/emboss_5/EMBOSS: revseq82/5.0.0,EMBOSS: revseq82
601,CONVERTER_gff_to_bed_0,CONVERTER_gff_to_bed_0
602,toolshed.g2.bx.psu.edu/repos/bgruening/openbabel/ctb_remSmall/1.0,ctb_remSmall
603,toolshed.g2.bx.psu.edu/repos/lecorguille/xcms_group/abims_xcms_group/2.0.6,abims_xcms_group
604,toolshed.g2.bx.psu.edu/repos/galaxyp/msi_qualitycontrol/mass_spectrometry_imaging_qc/1.7.0.1,mass_spectrometry_imaging_qc
605,toolshed.g2.bx.psu.edu/repos/galaxyp/openms_fileinfo/FileInfo/2.2.0,FileInfo
606,toolshed.g2.bx.psu.edu/repos/iuc/disco/disco/1.2.0,disco
607,toolshed.g2.bx.psu.edu/repos/iuc/stacks_populations/stacks_populations/1.46.0,stacks_populations
608,methtools_tiling,methtools_tiling
609,toolshed.g2.bx.psu.edu/repos/iuc/kallisto_quant/kallisto_quant/0.43.1.2,kallisto_quant
610,__FLATTEN__,__FLATTEN__
611,toolshed.g2.bx.psu.edu/repos/aaronquinlan/bedtools/bedtools_intersectbed_bam/0.1.0,bedtools_intersectbed_bam
612,toolshed.g2.bx.psu.edu/repos/iuc/stringtie/stringtie_merge/1.3.3,stringtie_merge
613,toolshed.g2.bx.psu.edu/repos/rnateam/graphclust_postprocessing/glob_report/0.1,glob_report
614,toolshed.g2.bx.psu.edu/repos/devteam/correlation/cor2/1.0.0,cor2
615,toolshed.g2.bx.psu.edu/repos/rnateam/piranha/piranha/0.1.0,piranha
616,toolshed.g2.bx.psu.edu/repos/devteam/ncbi_blast_plus/ncbi_makeblastdb/0.0.5,ncbi_makeblastdb
617,toolshed.g2.bx.psu.edu/repos/iuc/mothur_remove_groups/mothur_remove_groups/1.36.1.0,mothur_remove_groups
618,toolshed.g2.bx.psu.edu/repos/galaxyp/blastxml_to_tabular_selectable/blastxml_to_tabular_selectable/1.0.0,blastxml_to_tabular_selectable
619,toolshed.g2.bx.psu.edu/repos/iuc/bedtools/bedtools_windowbed/2.22.0,bedtools_windowbed
620,toolshed.g2.bx.psu.edu/repos/devteam/fastqtofasta/fastq_to_fasta_python/1.0.0,fastq_to_fasta_python
621,toolshed.g2.bx.psu.edu/repos/devteam/fastx_reverse_complement/cshl_fastx_reverse_complement/1.0.0,cshl_fastx_reverse_complement
622,toolshed.g2.bx.psu.edu/repos/jjohnson/query_tabular/query_tabular/3.0.0,query_tabular
623,toolshed.g2.bx.psu.edu/repos/iuc/bctools_extract_crosslinked_nucleotides/bctools_extract_crosslinked_nucleotides/0.2.1,bctools_extract_crosslinked_nucleotides
624,toolshed.g2.bx.psu.edu/repos/galaxyp/openms_filemerger/FileMerger/2.2.0,FileMerger
625,toolshed.g2.bx.psu.edu/repos/iuc/gemini/gemini_burden/0.10.0.0,gemini_burden
626,toolshed.g2.bx.psu.edu/repos/devteam/ncbi_blast_plus/ncbi_dustmasker_wrapper/0.1.07,ncbi_dustmasker_wrapper
627,merge_pcr_duplicates.py,merge_pcr_duplicates.py
628,cshl_uniq_tool,cshl_uniq_tool
629,toolshed.g2.bx.psu.edu/repos/iuc/gemini/gemini_roh/0.10.0.0,gemini_roh
630,toolshed.g2.bx.psu.edu/repos/iuc/mothur_nmds/mothur_nmds/1.36.1.0,mothur_nmds
631,toolshed.g2.bx.psu.edu/repos/iuc/mothur_summary_seqs/mothur_summary_seqs/1.36.1.0,mothur_summary_seqs
632,toolshed.g2.bx.psu.edu/repos/rnateam/mlocarna/mlocarna/1.8.12.0,mlocarna
633,toolshed.g2.bx.psu.edu/repos/iuc/bedtools/bedtools_closestbed/2.24.0,bedtools_closestbed
634,toolshed.g2.bx.psu.edu/repos/iuc/mothur_sub_sample/mothur_sub_sample/1.36.1.0,mothur_sub_sample
635,toolshed.g2.bx.psu.edu/repos/iuc/mothur_seq_error/mothur_seq_error/1.36.1.0,mothur_seq_error
636,toolshed.g2.bx.psu.edu/repos/iuc/sickle/sickle/1.33.1,sickle
637,toolshed.g2.bx.psu.edu/repos/iuc/mothur_cluster/mothur_cluster/1.36.1.0,mothur_cluster
638,toolshed.g2.bx.psu.edu/repos/bgruening/silicos_it/ctb_silicos_qed/0.1,ctb_silicos_qed
639,917182ad120692dc,917182ad120692dc
640,toolshed.g2.bx.psu.edu/repos/rnateam/metilene/metilene/0.2.6.1,metilene
641,toolshed.g2.bx.psu.edu/repos/iuc/vsearch/vsearch_dereplication/1.9.7.0,vsearch_dereplication
642,toolshed.g2.bx.psu.edu/repos/bgruening/rnaz/rnaz/0.1.0,rnaz
643,toolshed.g2.bx.psu.edu/repos/devteam/vcffilter/vcffilter2/1.0.0_rc1.0,vcffilter2
644,toolshed.g2.bx.psu.edu/repos/iuc/pear/iuc_pear/0.9.6.1,iuc_pear
645,toolshed.g2.bx.psu.edu/repos/devteam/emboss_5/EMBOSS: textsearch98/5.0.0,EMBOSS: textsearch98
646,Count1,Count1
647,toolshed.g2.bx.psu.edu/repos/iuc/export2graphlan/export2graphlan/0.19,export2graphlan
648,toolshed.g2.bx.psu.edu/repos/iuc/mothur_pre_cluster/mothur_pre_cluster/1.36.1.0,mothur_pre_cluster
649,toolshed.g2.bx.psu.edu/repos/devteam/emboss_5/EMBOSS: backtranseq2/5.0.0,EMBOSS: backtranseq2
650,toolshed.g2.bx.psu.edu/repos/iuc/meme_psp_gen/meme_psp_gen/4.11.2.0,meme_psp_gen
651,toolshed.g2.bx.psu.edu/repos/iuc/mothur_make_shared/mothur_make_shared/1.36.1.0,mothur_make_shared
652,bam2wig,bam2wig
653,fragmenter,fragmenter
654,toolshed.g2.bx.psu.edu/repos/bgruening/chemical_data_sources/ctb_pubchem_download_as_smiles/1.0.0,ctb_pubchem_download_as_smiles
655,toolshed.g2.bx.psu.edu/repos/iuc/qiime_count_seqs/qiime_count_seqs/1.9.1.0,qiime_count_seqs
656,bf6620491d72bd4a,bf6620491d72bd4a
657,toolshed.g2.bx.psu.edu/repos/jjohnson/filter_bed_on_splice_junctions/filter_bed_on_splice_junctions/0.0.1,filter_bed_on_splice_junctions
658,toolshed.g2.bx.psu.edu/repos/devteam/fasta_compute_length/fasta_compute_length/1.0.0,fasta_compute_length
659,toolshed.g2.bx.psu.edu/repos/bgruening/deeptools_multi_bigwig_summary/deeptools_multi_bigwig_summary/2.5.1.1.0,deeptools_multi_bigwig_summary
660,2da501ee5218300d,2da501ee5218300d
661,toolshed.g2.bx.psu.edu/repos/iuc/datamash_transpose/datamash_transpose/1.0.6,datamash_transpose
662,e02e025c8c196c66,e02e025c8c196c66
663,cat1,cat1
664,toolshed.g2.bx.psu.edu/repos/iuc/mothur_merge_files/mothur_merge_files/1.36.1.0,mothur_merge_files
665,toolshed.g2.bx.psu.edu/repos/iuc/mothur_metastats/mothur_metastats/1.36.1.0,mothur_metastats
666,prokaryotic_ncbi_submission,prokaryotic_ncbi_submission
667,toolshed.g2.bx.psu.edu/repos/iuc/gatk2/gatk2_indel_realigner/0.0.7,gatk2_indel_realigner
668,toolshed.g2.bx.psu.edu/repos/galaxyp/msi_ion_images/mass_spectrometry_imaging_ion_images/1.7.0,mass_spectrometry_imaging_ion_images
669,toolshed.g2.bx.psu.edu/repos/bgruening/hicexplorer_hictransform/hicexplorer_hictransform/2.0.0,hicexplorer_hictransform
670,toolshed.g2.bx.psu.edu/repos/devteam/subtract_query/subtract_query1/0.1,subtract_query1
671,toolshed.g2.bx.psu.edu/repos/bgruening/salmon/salmon/0.8.2,salmon
672,toolshed.g2.bx.psu.edu/repos/devteam/fastq_filter/fastq_filter/1.0.0,fastq_filter
673,toolshed.g2.bx.psu.edu/repos/devteam/tabular_to_fastq/tabular_to_fastq/1.0.0,tabular_to_fastq
674,toolshed.g2.bx.psu.edu/repos/iuc/gemini/gemini_windower/0.10.0.0,gemini_windower
675,toolshed.g2.bx.psu.edu/repos/iuc/gemini/gemini_interactions/0.10.0.0,gemini_interactions
676,toolshed.g2.bx.psu.edu/repos/iuc/ebi_metagenomics_run_downloader/ebi_metagenomics_run_downloader/0.1.0,ebi_metagenomics_run_downloader
677,bed2gff1,bed2gff1
678,toolshed.g2.bx.psu.edu/repos/gbcs-embl-heidelberg/je_demultiplex/je_demultiplex/1.2,je_demultiplex
679,toolshed.g2.bx.psu.edu/repos/bebatut/format_metaphlan2_output/format_metaphlan2_output/0.1.0,format_metaphlan2_output
680,toolshed.g2.bx.psu.edu/repos/bgruening/trna_prediction/aragorn_trna/0.4,aragorn_trna
681,1524301733dc699e,1524301733dc699e
682,toolshed.g2.bx.psu.edu/repos/galaxyp/openms_proteinquantifier/ProteinQuantifier/2.2.0,ProteinQuantifier
683,toolshed.g2.bx.psu.edu/repos/galaxyp/openms_idposteriorerrorprobability/IDPosteriorErrorProbability/2.2.0,IDPosteriorErrorProbability
684,toolshed.g2.bx.psu.edu/repos/rnateam/mirdeep2_quantifier/rbc_mirdeep2_quantifier/2.0.0,rbc_mirdeep2_quantifier
685,toolshed.g2.bx.psu.edu/repos/devteam/picard/picard_ValidateSamFile/1.126.0,picard_ValidateSamFile
686,toolshed.g2.bx.psu.edu/repos/galaxyp/openms_highresprecursormasscorrector/HighResPrecursorMassCorrector/2.2.0,HighResPrecursorMassCorrector
687,toolshed.g2.bx.psu.edu/repos/bgruening/chemical_data_sources/ctb_online_data_fetch/0.2,ctb_online_data_fetch
688,toolshed.g2.bx.psu.edu/repos/iuc/qiime_pick_rep_set/qiime_pick_rep_set/1.9.1.0,qiime_pick_rep_set
689,toolshed.g2.bx.psu.edu/repos/iuc/qiime_filter_alignment/qiime_filter_alignment/1.9.1.0,qiime_filter_alignment
690,toolshed.g2.bx.psu.edu/repos/nml/metaspades/metaspades/3.9.0,metaspades
691,__FILTER_FAILED_DATASETS__,__FILTER_FAILED_DATASETS__
692,toolshed.g2.bx.psu.edu/repos/iuc/vt_variant_tools/vt_normalize/0.1.0,vt_normalize
693,toolshed.g2.bx.psu.edu/repos/peterjc/tmhmm_and_signalp/tmhmm2/0.0.14,tmhmm2
694,toolshed.g2.bx.psu.edu/repos/galaxyp/idpqonvert/idpqonvert/3.0.11579.0,idpqonvert
695,dexseq_annotate,dexseq_annotate
696,Remove beginning1,Remove beginning1
697,toolshed.g2.bx.psu.edu/repos/saskia-hiltemann/krona_text/krona-text/1,krona-text
698,computeMatrix,computeMatrix
699,toolshed.g2.bx.psu.edu/repos/devteam/vcf2pgsnp/vcf2pgSnp/1.0.0,vcf2pgSnp
700,toolshed.g2.bx.psu.edu/repos/devteam/fastx_renamer/cshl_fastx_renamer/0.0.11,cshl_fastx_renamer
701,toolshed.g2.bx.psu.edu/repos/devteam/column_maker/Add_a_column1/1.1.0,Add_a_column1
702,testtoolshed.g2.bx.psu.edu/repos/moheydarian/tsne/tsne/0.0.2,tsne
703,toolshed.g2.bx.psu.edu/repos/bgruening/chemfp/ctb_chemfp_mol2fps/0.2.0,ctb_chemfp_mol2fps
704,eden_vectorizer,eden_vectorizer
705,CONVERTER_bed_to_gff_0,CONVERTER_bed_to_gff_0
706,Grouping1,Grouping1
